engagement_id,student_id,content_type,subject,date,time_spent_mins,completed,replayed,paused_count,liked,notes_taken,difficulty_rating,engagement_score
ENG-00001,STU-00698,Assignment,Python Programming,2023-05-15,12.4,1,1,6,0,0,3,0.54
ENG-00002,STU-00897,Reading,Web Development,2023-12-27,52.2,1,1,0,0,1,5,0.46
ENG-00003,STU-00516,Assignment,Mathematics,2024-03-28,30.4,0,0,5,0,0,1,0.87
ENG-00004,STU-00350,Reading,Data Science,2023-07-06,48.6,0,0,3,0,0,1,0.21
ENG-00005,STU-00183,Quiz,Data Science,2023-06-09,55.0,0,1,0,1,1,1,0.34
ENG-00006,STU-00438,Live Session,Design Thinking,2023-08-29,36.5,1,1,4,0,1,1,0.13
ENG-00007,STU-00426,Practice Problem,Design Thinking,2024-11-15,28.0,1,1,1,0,1,1,0.4
ENG-00008,STU-00800,Assignment,Mathematics,2024-12-04,52.2,1,1,5,1,0,4,0.9
ENG-00009,STU-00608,Quiz,Digital Marketing,2023-11-26,52.0,1,1,4,0,0,4,0.22
ENG-00010,STU-00261,Live Session,Chemistry,2023-12-22,52.4,0,1,3,0,0,1,0.34
ENG-00011,STU-00545,Assignment,Design Thinking,2024-10-27,30.7,0,0,4,1,0,5,0.39
ENG-00012,STU-00706,Assignment,Digital Marketing,2023-08-05,56.8,1,1,1,1,1,4,0.3
ENG-00013,STU-00542,Quiz,English Grammar,2023-01-24,45.9,0,0,4,0,0,4,0.3
ENG-00014,STU-00816,Assignment,Python Programming,2023-04-19,46.3,1,0,0,0,0,2,0.31
ENG-00015,STU-00975,Video,Design Thinking,2023-05-13,18.7,1,0,3,0,0,5,0.7
ENG-00016,STU-00796,Video,Mathematics,2024-12-18,41.2,1,0,0,1,1,4,0.13
ENG-00017,STU-00134,Live Session,Physics,2023-07-20,28.1,0,1,2,0,0,1,0.48
ENG-00018,STU-00050,Video,Finance,2023-01-07,5.6,0,0,6,1,0,4,0.96
ENG-00019,STU-00165,Reading,Web Development,2023-04-20,59.2,0,1,5,0,1,4,0.23
ENG-00020,STU-00758,Quiz,Data Science,2023-04-07,23.5,1,0,5,0,1,2,0.9
ENG-00021,STU-00249,Practice Problem,Web Development,2023-12-28,9.7,0,0,5,1,0,1,0.71
ENG-00022,STU-00879,Reading,Mathematics,2023-02-26,49.6,1,1,4,1,0,5,0.62
ENG-00023,STU-00778,Reading,Data Science,2024-03-23,24.0,1,1,1,0,1,1,0.78
ENG-00024,STU-00947,Quiz,English Grammar,2024-09-11,54.7,1,0,0,0,0,1,0.28
ENG-00025,STU-00073,Video,Finance,2023-07-04,33.4,1,1,1,0,0,4,0.12
ENG-00026,STU-00379,Video,Web Development,2024-01-11,34.9,1,1,7,0,0,4,0.25
ENG-00027,STU-00059,Assignment,Data Science,2023-03-06,39.3,1,1,1,0,1,5,0.91
ENG-00028,STU-00563,Video,Digital Marketing,2024-12-12,34.5,0,0,0,0,1,5,0.64
ENG-00029,STU-00924,Quiz,Physics,2023-12-11,42.7,1,1,2,1,0,4,0.63
ENG-00030,STU-00360,Assignment,Web Development,2024-05-21,55.0,1,0,0,0,0,2,0.82
ENG-00031,STU-00884,Video,Python Programming,2024-04-15,39.1,1,0,4,1,0,2,0.53
ENG-00032,STU-00595,Live Session,Finance,2024-04-28,16.2,0,1,7,1,0,2,0.92
ENG-00033,STU-00204,Practice Problem,Web Development,2024-03-21,1.8,1,0,2,0,0,3,0.83
ENG-00034,STU-00915,Assignment,Finance,2023-02-15,15.2,1,0,1,0,0,5,0.47
ENG-00035,STU-00343,Video,Data Science,2023-09-15,26.7,1,0,6,1,0,3,0.75
ENG-00036,STU-00246,Quiz,Mathematics,2023-04-13,33.8,1,0,4,0,1,3,0.98
ENG-00037,STU-00977,Reading,Finance,2024-11-02,22.8,1,0,0,0,0,1,0.27
ENG-00038,STU-00633,Live Session,Mathematics,2023-02-03,26.4,1,0,7,0,1,2,0.97
ENG-00039,STU-00459,Assignment,Python Programming,2023-03-27,41.2,1,0,4,0,0,2,0.35
ENG-00040,STU-00115,Video,Digital Marketing,2024-01-12,24.0,0,0,8,1,0,3,0.74
ENG-00041,STU-00079,Assignment,Mathematics,2023-01-12,46.7,1,1,4,0,0,2,0.34
ENG-00042,STU-00443,Practice Problem,Design Thinking,2024-10-10,32.9,1,0,6,1,0,3,0.17
ENG-00043,STU-00569,Practice Problem,Mathematics,2023-01-31,55.9,0,0,6,0,1,2,0.37
ENG-00044,STU-00883,Reading,Data Science,2024-04-16,34.0,1,0,0,0,0,5,0.91
ENG-00045,STU-00127,Assignment,Data Science,2024-04-04,41.6,0,0,1,1,1,2,0.37
ENG-00046,STU-00786,Practice Problem,Chemistry,2024-05-26,23.0,0,0,8,0,0,1,0.12
ENG-00047,STU-00978,Assignment,Physics,2023-08-28,5.4,0,1,6,1,0,5,0.68
ENG-00048,STU-00554,Practice Problem,Physics,2024-01-07,42.2,1,0,1,0,0,1,0.96
ENG-00049,STU-00477,Assignment,Data Science,2024-05-13,20.0,1,0,2,0,0,4,0.65
ENG-00050,STU-00893,Practice Problem,Data Science,2023-12-04,56.7,1,0,7,0,0,5,0.47
ENG-00051,STU-00914,Quiz,Digital Marketing,2023-05-26,56.6,0,0,2,1,0,2,0.62
ENG-00052,STU-00374,Video,English Grammar,2023-05-14,22.7,1,0,5,0,0,4,0.94
ENG-00053,STU-00850,Assignment,Python Programming,2024-10-26,7.2,0,0,6,0,0,5,0.71
ENG-00054,STU-00257,Reading,Design Thinking,2023-06-08,39.9,1,1,8,1,0,2,0.54
ENG-00055,STU-00993,Video,Web Development,2024-12-07,52.7,1,0,4,0,0,3,0.34
ENG-00056,STU-00797,Quiz,Chemistry,2024-07-11,48.4,1,0,5,0,1,4,0.49
ENG-00057,STU-00185,Live Session,Web Development,2024-10-08,44.2,1,0,3,1,0,1,0.92
ENG-00058,STU-00636,Quiz,Python Programming,2024-09-18,56.5,1,0,0,0,0,2,0.78
ENG-00059,STU-00439,Live Session,Python Programming,2024-07-09,51.4,1,0,0,0,0,3,0.31
ENG-00060,STU-00047,Practice Problem,English Grammar,2023-07-06,56.1,1,0,3,1,0,5,0.83
ENG-00061,STU-00394,Assignment,Web Development,2024-03-02,13.3,1,0,7,0,0,3,0.12
ENG-00062,STU-00649,Live Session,Chemistry,2023-03-04,4.3,1,0,2,0,0,5,0.28
ENG-00063,STU-00401,Practice Problem,Design Thinking,2024-08-01,32.7,1,0,3,0,0,4,0.43
ENG-00064,STU-00287,Video,Web Development,2024-05-28,15.0,1,0,1,0,0,2,0.64
ENG-00065,STU-00225,Assignment,Web Development,2024-01-06,43.3,0,1,8,1,1,2,0.6
ENG-00066,STU-00646,Live Session,Python Programming,2024-05-17,45.8,0,0,4,0,0,2,0.74
ENG-00067,STU-00236,Assignment,Design Thinking,2024-02-28,59.7,1,0,6,0,1,3,0.87
ENG-00068,STU-00509,Live Session,Design Thinking,2024-05-14,21.0,1,0,6,0,0,4,0.24
ENG-00069,STU-00072,Practice Problem,Digital Marketing,2023-08-20,4.0,1,0,0,0,0,3,0.24
ENG-00070,STU-00149,Live Session,English Grammar,2023-06-03,30.2,0,0,2,0,0,1,0.75
ENG-00071,STU-00840,Reading,Data Science,2024-05-25,38.7,0,1,6,0,1,3,0.41
ENG-00072,STU-00390,Video,English Grammar,2023-07-19,58.5,1,0,3,0,0,5,0.78
ENG-00073,STU-00650,Practice Problem,Design Thinking,2024-05-03,40.1,0,1,8,0,0,4,0.36
ENG-00074,STU-00542,Reading,Digital Marketing,2023-11-06,53.7,1,0,1,0,0,1,0.69
ENG-00075,STU-00804,Assignment,Digital Marketing,2023-11-24,17.6,1,1,0,0,0,3,0.95
ENG-00076,STU-00410,Video,Digital Marketing,2024-07-02,48.6,1,0,4,0,0,1,0.51
ENG-00077,STU-00948,Practice Problem,Python Programming,2023-10-29,12.6,1,0,4,1,0,4,0.44
ENG-00078,STU-00495,Quiz,Chemistry,2024-08-09,9.1,1,1,8,0,1,5,0.51
ENG-00079,STU-00153,Live Session,English Grammar,2024-08-18,25.5,1,0,0,0,1,2,0.3
ENG-00080,STU-00109,Practice Problem,Design Thinking,2024-01-22,53.0,0,0,3,0,1,3,0.14
ENG-00081,STU-00802,Assignment,English Grammar,2023-10-06,3.8,1,0,7,0,1,4,0.36
ENG-00082,STU-00190,Practice Problem,Web Development,2024-07-04,36.4,1,1,6,1,1,1,0.49
ENG-00083,STU-00235,Reading,Mathematics,2023-12-31,21.5,0,0,4,1,1,2,0.14
ENG-00084,STU-00119,Practice Problem,Python Programming,2023-08-20,54.4,0,0,2,0,0,1,0.16
ENG-00085,STU-00796,Video,Web Development,2024-09-14,12.0,1,0,3,1,1,5,0.35
ENG-00086,STU-00566,Live Session,Python Programming,2024-12-07,58.4,1,0,1,1,1,5,0.77
ENG-00087,STU-00516,Live Session,Python Programming,2023-05-26,53.3,0,0,2,1,0,1,0.69
ENG-00088,STU-00660,Assignment,Mathematics,2024-07-02,25.0,0,1,2,0,0,5,0.51
ENG-00089,STU-00090,Quiz,Python Programming,2024-05-25,27.4,0,0,7,0,0,3,0.88
ENG-00090,STU-00108,Practice Problem,Mathematics,2023-04-09,24.5,1,1,0,0,1,2,0.56
ENG-00091,STU-00638,Assignment,Data Science,2024-07-10,43.2,0,1,3,0,1,2,0.99
ENG-00092,STU-00602,Reading,Design Thinking,2024-09-24,38.3,1,0,0,1,0,1,0.37
ENG-00093,STU-00538,Reading,Web Development,2024-01-31,56.9,0,0,4,0,0,5,0.68
ENG-00094,STU-00652,Live Session,Design Thinking,2023-04-27,55.1,0,0,0,0,1,2,0.51
ENG-00095,STU-00938,Reading,Design Thinking,2024-04-02,9.8,1,0,8,0,0,4,0.73
ENG-00096,STU-00889,Practice Problem,Mathematics,2023-12-28,43.0,1,0,3,0,0,2,0.52
ENG-00097,STU-00572,Reading,Python Programming,2024-07-24,58.6,0,1,4,0,1,1,0.1
ENG-00098,STU-00614,Assignment,Chemistry,2024-07-10,16.0,0,0,2,1,0,4,0.15
ENG-00099,STU-00343,Reading,Mathematics,2024-05-24,9.3,0,1,2,0,1,2,0.38
ENG-00100,STU-00680,Assignment,Mathematics,2024-12-01,2.1,0,0,0,1,0,5,0.82
ENG-00101,STU-00220,Video,Physics,2024-04-21,38.5,1,0,6,0,0,1,0.12
ENG-00102,STU-00388,Quiz,Data Science,2023-08-09,49.4,1,0,1,0,0,4,0.28
ENG-00103,STU-00578,Reading,Finance,2024-07-16,14.7,1,1,6,1,0,1,0.75
ENG-00104,STU-00964,Quiz,Mathematics,2024-11-16,57.2,0,0,7,0,1,1,0.4
ENG-00105,STU-00122,Live Session,Design Thinking,2023-09-16,6.7,1,1,5,0,1,1,0.39
ENG-00106,STU-00074,Video,Web Development,2024-09-21,38.7,1,0,3,0,0,1,0.46
ENG-00107,STU-00895,Live Session,Data Science,2023-09-03,21.1,1,0,2,0,0,4,0.43
ENG-00108,STU-00917,Reading,Python Programming,2024-11-24,49.6,0,0,2,1,1,5,0.91
ENG-00109,STU-00484,Quiz,English Grammar,2023-08-03,8.0,0,0,1,1,1,1,0.4
ENG-00110,STU-00623,Assignment,Python Programming,2024-10-07,1.3,1,1,3,0,0,5,0.28
ENG-00111,STU-00465,Practice Problem,English Grammar,2023-01-31,13.8,0,1,7,0,1,3,0.62
ENG-00112,STU-00132,Assignment,Chemistry,2023-03-18,56.1,1,0,3,1,0,3,0.48
ENG-00113,STU-00754,Live Session,Physics,2023-10-23,48.5,0,0,8,1,1,1,0.76
ENG-00114,STU-00846,Assignment,Python Programming,2023-11-24,49.0,1,0,5,0,0,3,0.92
ENG-00115,STU-00040,Assignment,Mathematics,2024-12-04,42.1,0,1,2,0,1,3,0.57
ENG-00116,STU-00160,Live Session,English Grammar,2024-01-21,31.2,1,0,3,0,0,2,0.54
ENG-00117,STU-00016,Video,Digital Marketing,2024-06-22,13.9,0,0,2,1,0,5,0.41
ENG-00118,STU-00645,Live Session,Physics,2024-01-31,46.9,1,0,1,0,0,5,0.56
ENG-00119,STU-00675,Practice Problem,Digital Marketing,2023-06-25,6.3,0,1,8,1,0,3,0.73
ENG-00120,STU-00143,Reading,Mathematics,2024-09-05,19.9,0,0,6,1,1,3,0.27
ENG-00121,STU-00075,Video,Digital Marketing,2024-05-22,16.6,1,0,5,0,0,1,0.9
ENG-00122,STU-00862,Live Session,Python Programming,2024-01-17,2.7,1,0,5,1,1,3,0.9
ENG-00123,STU-00973,Quiz,Physics,2023-03-08,49.6,1,0,0,1,0,2,0.2
ENG-00124,STU-00886,Practice Problem,Mathematics,2023-07-17,30.5,1,0,6,0,0,3,0.22
ENG-00125,STU-00456,Live Session,Digital Marketing,2024-01-06,33.7,0,0,3,1,1,2,0.29
ENG-00126,STU-00484,Video,Data Science,2024-09-07,21.8,1,0,8,1,0,5,0.87
ENG-00127,STU-00317,Quiz,Data Science,2024-09-26,43.2,1,0,6,1,0,2,0.87
ENG-00128,STU-00572,Assignment,Mathematics,2023-01-09,27.3,1,0,7,0,0,5,0.53
ENG-00129,STU-00968,Live Session,Data Science,2024-09-12,4.3,1,1,0,0,1,3,0.76
ENG-00130,STU-00473,Assignment,Physics,2024-11-07,48.2,1,0,8,0,1,5,0.58
ENG-00131,STU-00687,Assignment,Python Programming,2024-01-31,8.4,1,0,1,0,1,3,0.56
ENG-00132,STU-00310,Assignment,Finance,2024-12-15,43.2,1,0,3,0,1,3,0.17
ENG-00133,STU-00351,Reading,Chemistry,2023-02-20,9.3,1,0,8,1,0,5,0.21
ENG-00134,STU-00508,Video,English Grammar,2023-04-06,20.9,1,1,3,0,0,1,0.6
ENG-00135,STU-00523,Live Session,Chemistry,2024-10-28,45.7,0,1,8,0,0,5,0.39
ENG-00136,STU-00754,Video,Design Thinking,2023-09-28,15.6,1,0,3,0,0,1,0.6
ENG-00137,STU-00338,Video,Python Programming,2023-12-07,53.7,1,0,3,1,0,3,0.58
ENG-00138,STU-00400,Practice Problem,Finance,2024-10-04,32.2,1,0,4,0,1,3,0.79
ENG-00139,STU-00721,Reading,Data Science,2024-09-05,14.9,1,0,5,0,1,3,0.43
ENG-00140,STU-00965,Quiz,Digital Marketing,2023-09-23,42.0,1,1,2,0,0,4,0.15
ENG-00141,STU-00467,Live Session,Data Science,2024-07-03,28.9,1,0,1,0,1,3,0.18
ENG-00142,STU-00187,Live Session,Digital Marketing,2024-10-21,58.0,0,0,4,1,1,4,0.48
ENG-00143,STU-00692,Video,Mathematics,2024-03-16,26.0,1,0,7,0,0,1,0.56
ENG-00144,STU-00095,Live Session,Design Thinking,2024-01-02,58.8,1,0,7,1,0,3,0.23
ENG-00145,STU-00304,Quiz,English Grammar,2023-11-27,55.7,1,0,8,1,0,5,0.95
ENG-00146,STU-00960,Reading,Physics,2024-06-11,30.5,1,0,2,0,0,4,0.82
ENG-00147,STU-00402,Quiz,Mathematics,2024-07-28,8.9,1,0,4,1,0,1,0.22
ENG-00148,STU-00325,Video,Finance,2023-05-03,47.4,1,0,4,0,0,4,0.21
ENG-00149,STU-00546,Assignment,Web Development,2024-09-19,21.6,1,1,8,0,0,3,0.53
ENG-00150,STU-00968,Reading,Finance,2024-03-19,28.2,1,0,3,1,0,1,0.75
ENG-00151,STU-00690,Reading,Digital Marketing,2024-10-09,8.5,0,0,7,0,0,2,0.89
ENG-00152,STU-00314,Practice Problem,English Grammar,2024-10-06,27.7,0,0,3,0,1,4,0.8
ENG-00153,STU-00067,Video,Web Development,2023-12-15,56.8,1,1,5,1,0,2,0.35
ENG-00154,STU-00828,Assignment,Chemistry,2023-07-04,14.9,1,1,0,0,0,5,0.99
ENG-00155,STU-00205,Video,Digital Marketing,2023-09-08,40.9,1,0,4,0,1,5,0.17
ENG-00156,STU-00511,Live Session,Design Thinking,2023-07-06,23.6,1,0,4,0,0,5,0.99
ENG-00157,STU-00632,Quiz,Finance,2023-02-27,28.2,1,0,7,1,0,2,0.78
ENG-00158,STU-00387,Quiz,Chemistry,2024-04-19,54.3,1,0,5,0,0,2,0.13
ENG-00159,STU-00576,Practice Problem,Physics,2024-07-07,40.2,1,0,3,0,0,4,0.12
ENG-00160,STU-00836,Reading,Data Science,2023-11-01,42.7,1,0,4,1,0,3,0.51
ENG-00161,STU-00926,Quiz,Web Development,2024-04-27,24.1,1,1,4,1,0,5,0.28
ENG-00162,STU-00457,Quiz,Finance,2023-01-26,35.6,1,1,1,0,1,4,0.89
ENG-00163,STU-00128,Video,Mathematics,2024-06-10,37.0,1,0,6,0,0,3,0.45
ENG-00164,STU-00551,Video,Digital Marketing,2023-03-26,31.8,0,0,3,0,0,5,0.76
ENG-00165,STU-00946,Assignment,English Grammar,2023-01-29,12.9,0,0,6,1,0,5,0.58
ENG-00166,STU-00204,Live Session,Physics,2023-05-09,53.6,1,0,8,0,0,4,0.14
ENG-00167,STU-00205,Reading,Design Thinking,2023-01-16,19.8,1,0,6,0,1,2,0.17
ENG-00168,STU-00096,Video,Finance,2024-06-09,53.8,1,1,6,1,1,3,0.59
ENG-00169,STU-00120,Quiz,Mathematics,2023-07-01,45.9,1,0,6,1,0,2,0.37
ENG-00170,STU-00887,Quiz,Chemistry,2024-01-26,46.5,1,1,4,1,0,3,0.11
ENG-00171,STU-00478,Practice Problem,English Grammar,2023-01-18,37.0,1,0,2,0,0,1,0.28
ENG-00172,STU-00472,Practice Problem,Chemistry,2023-05-25,8.0,1,0,3,0,0,1,0.95
ENG-00173,STU-00046,Assignment,Mathematics,2023-08-13,28.0,1,0,8,0,1,1,0.39
ENG-00174,STU-00819,Practice Problem,Finance,2023-04-25,5.6,0,0,1,0,0,4,0.74
ENG-00175,STU-00220,Quiz,English Grammar,2023-06-10,2.6,0,0,2,0,1,1,0.59
ENG-00176,STU-00461,Assignment,Chemistry,2024-12-06,15.1,1,0,6,0,0,3,0.18
ENG-00177,STU-00396,Video,Finance,2024-05-23,5.1,1,0,2,1,0,3,0.77
ENG-00178,STU-00207,Assignment,Finance,2023-09-06,10.7,1,1,0,1,0,5,0.47
ENG-00179,STU-00595,Video,Design Thinking,2023-01-31,7.1,0,0,0,0,0,3,0.45
ENG-00180,STU-00597,Assignment,Finance,2024-03-04,42.1,0,0,0,1,0,5,0.62
ENG-00181,STU-00430,Quiz,Design Thinking,2024-08-16,55.7,1,0,0,0,1,4,0.91
ENG-00182,STU-00560,Live Session,Web Development,2023-07-22,48.8,1,0,0,1,1,2,0.48
ENG-00183,STU-00412,Practice Problem,English Grammar,2024-05-27,50.1,0,1,0,0,0,5,0.97
ENG-00184,STU-00496,Quiz,Chemistry,2024-01-14,36.7,1,1,3,0,0,5,0.52
ENG-00185,STU-00772,Reading,English Grammar,2023-01-29,46.2,1,0,1,0,0,2,0.27
ENG-00186,STU-00035,Reading,Mathematics,2024-08-13,9.4,0,1,1,0,0,2,0.86
ENG-00187,STU-00209,Assignment,Design Thinking,2023-02-19,52.7,1,0,5,1,0,5,0.27
ENG-00188,STU-00670,Video,English Grammar,2023-08-10,20.7,1,0,8,1,0,3,0.38
ENG-00189,STU-00108,Assignment,Data Science,2023-07-13,44.5,0,0,4,0,0,4,0.85
ENG-00190,STU-00763,Video,Chemistry,2023-04-07,38.8,0,1,3,0,0,4,0.42
ENG-00191,STU-00055,Reading,Chemistry,2023-06-23,51.5,0,0,4,0,1,2,0.67
ENG-00192,STU-00819,Assignment,English Grammar,2023-03-20,30.7,1,1,2,0,0,1,0.99
ENG-00193,STU-00208,Video,Physics,2024-05-30,41.7,0,0,5,0,0,3,0.62
ENG-00194,STU-00278,Practice Problem,Web Development,2024-12-03,5.7,1,0,6,1,1,5,0.99
ENG-00195,STU-00694,Video,Chemistry,2024-09-14,57.2,1,0,2,0,0,5,0.37
ENG-00196,STU-00753,Assignment,Physics,2023-01-25,47.4,1,0,4,0,1,3,0.83
ENG-00197,STU-00729,Assignment,Chemistry,2023-04-08,38.8,0,1,4,0,0,4,0.75
ENG-00198,STU-00947,Practice Problem,Data Science,2024-11-17,22.3,1,0,4,0,1,4,0.43
ENG-00199,STU-00070,Quiz,English Grammar,2024-03-27,45.6,0,0,7,0,1,4,0.81
ENG-00200,STU-00948,Live Session,Chemistry,2024-07-11,41.8,1,0,1,1,0,4,0.8
ENG-00201,STU-00136,Live Session,Data Science,2024-08-18,16.1,1,0,4,0,0,4,0.78
ENG-00202,STU-00793,Live Session,Chemistry,2024-02-13,32.6,1,0,4,0,1,2,1.0
ENG-00203,STU-00202,Assignment,English Grammar,2024-05-20,20.0,0,1,2,1,1,1,0.12
ENG-00204,STU-00209,Video,Finance,2024-04-09,9.6,1,0,3,0,1,3,0.44
ENG-00205,STU-00424,Assignment,Mathematics,2024-01-24,43.1,0,1,3,0,1,1,0.98
ENG-00206,STU-00339,Live Session,Web Development,2023-12-16,55.5,1,0,1,1,0,1,1.0
ENG-00207,STU-00875,Practice Problem,Digital Marketing,2024-08-07,4.6,1,0,7,0,0,2,0.28
ENG-00208,STU-00874,Video,Physics,2024-04-28,39.9,0,0,6,1,0,1,0.63
ENG-00209,STU-00120,Assignment,Chemistry,2024-01-21,32.4,1,0,8,1,1,5,0.91
ENG-00210,STU-00053,Assignment,Data Science,2024-03-28,41.5,1,0,8,1,0,1,0.26
ENG-00211,STU-00032,Reading,Chemistry,2023-02-06,45.6,0,0,2,0,0,4,0.42
ENG-00212,STU-00641,Reading,English Grammar,2023-01-19,13.5,1,0,2,0,1,5,0.82
ENG-00213,STU-00029,Quiz,Digital Marketing,2024-05-20,55.1,1,0,4,1,0,2,0.12
ENG-00214,STU-00382,Assignment,Mathematics,2024-09-19,44.9,1,0,0,1,0,5,0.88
ENG-00215,STU-00180,Reading,Mathematics,2023-10-29,25.9,1,0,6,0,1,1,0.46
ENG-00216,STU-00164,Practice Problem,Design Thinking,2024-11-28,8.7,1,0,7,0,1,2,0.86
ENG-00217,STU-00226,Video,Mathematics,2024-08-23,43.5,0,0,3,1,1,3,0.6
ENG-00218,STU-00736,Reading,Data Science,2023-06-19,59.9,0,0,6,0,1,2,0.11
ENG-00219,STU-00907,Reading,English Grammar,2023-04-07,8.6,1,0,5,0,1,4,0.31
ENG-00220,STU-00041,Video,Mathematics,2023-05-20,23.3,1,1,6,1,1,4,0.7
ENG-00221,STU-00251,Practice Problem,Design Thinking,2023-07-23,57.0,1,1,7,0,1,3,0.81
ENG-00222,STU-00774,Live Session,Finance,2024-11-15,21.2,0,1,0,0,1,1,0.63
ENG-00223,STU-00717,Quiz,Python Programming,2024-06-21,14.7,1,0,8,0,0,1,0.4
ENG-00224,STU-00329,Reading,Physics,2023-12-17,21.7,0,0,5,0,0,1,0.98
ENG-00225,STU-00926,Quiz,Chemistry,2023-08-29,25.9,1,0,3,0,0,1,0.43
ENG-00226,STU-00346,Practice Problem,Mathematics,2024-04-09,7.8,1,1,4,0,1,5,0.97
ENG-00227,STU-00256,Live Session,English Grammar,2023-02-14,55.9,1,1,2,0,0,4,0.52
ENG-00228,STU-00738,Practice Problem,English Grammar,2024-05-20,5.9,1,0,8,0,1,5,0.69
ENG-00229,STU-00387,Assignment,Data Science,2023-09-14,50.4,1,0,1,0,0,4,0.11
ENG-00230,STU-00714,Practice Problem,Design Thinking,2023-03-31,52.5,1,0,1,1,0,4,0.15
ENG-00231,STU-00154,Quiz,Digital Marketing,2023-08-12,29.4,0,0,6,0,0,5,0.55
ENG-00232,STU-00217,Practice Problem,Digital Marketing,2024-01-27,20.6,0,1,3,0,1,5,0.98
ENG-00233,STU-00634,Practice Problem,Mathematics,2024-08-19,6.7,0,0,2,0,0,3,0.45
ENG-00234,STU-00586,Practice Problem,Chemistry,2024-10-26,34.2,1,0,8,1,0,3,0.54
ENG-00235,STU-00304,Practice Problem,Finance,2023-06-02,32.9,1,0,3,0,0,1,0.89
ENG-00236,STU-00206,Live Session,Mathematics,2023-01-16,56.8,0,0,8,0,0,4,0.15
ENG-00237,STU-00841,Live Session,Chemistry,2024-02-03,31.7,0,1,1,0,1,5,0.44
ENG-00238,STU-00159,Live Session,Chemistry,2024-02-22,23.6,1,1,7,1,0,1,0.25
ENG-00239,STU-00751,Quiz,Python Programming,2023-07-22,42.0,1,1,2,1,0,1,0.82
ENG-00240,STU-00923,Video,English Grammar,2024-12-29,45.6,0,1,4,0,0,2,0.63
ENG-00241,STU-00723,Quiz,Mathematics,2023-02-06,55.4,1,0,6,1,0,3,0.39
ENG-00242,STU-00921,Quiz,Design Thinking,2024-08-18,10.4,1,0,4,0,0,5,0.43
ENG-00243,STU-00175,Reading,Python Programming,2024-06-21,55.8,0,1,1,1,1,2,0.67
ENG-00244,STU-00928,Practice Problem,English Grammar,2024-03-08,9.2,0,0,5,0,0,1,0.81
ENG-00245,STU-00323,Assignment,English Grammar,2023-01-29,45.1,1,1,4,0,0,2,0.71
ENG-00246,STU-00463,Reading,Web Development,2023-02-10,2.6,0,1,2,0,0,3,0.81
ENG-00247,STU-00500,Video,Chemistry,2023-01-06,36.8,0,1,7,0,0,2,0.58
ENG-00248,STU-00786,Quiz,Design Thinking,2024-03-02,24.9,1,0,8,0,0,5,0.95
ENG-00249,STU-00412,Live Session,Chemistry,2024-07-26,26.9,1,0,0,1,1,4,0.92
ENG-00250,STU-00060,Quiz,Python Programming,2023-06-21,34.7,1,0,0,0,1,2,0.74
ENG-00251,STU-00464,Video,Chemistry,2023-12-05,37.7,1,0,1,0,1,1,0.73
ENG-00252,STU-00007,Reading,English Grammar,2024-07-18,7.3,1,0,7,0,1,1,0.81
ENG-00253,STU-00077,Quiz,Digital Marketing,2024-05-14,6.0,1,0,8,0,0,4,0.27
ENG-00254,STU-00202,Reading,Python Programming,2024-03-02,37.6,1,0,5,1,0,1,0.69
ENG-00255,STU-00408,Practice Problem,English Grammar,2024-02-17,31.6,1,1,7,1,1,5,0.22
ENG-00256,STU-00403,Quiz,Physics,2024-11-04,20.4,1,0,1,0,0,3,0.49
ENG-00257,STU-00466,Reading,Web Development,2024-06-23,20.6,0,1,8,1,0,2,0.21
ENG-00258,STU-00252,Practice Problem,Finance,2023-09-09,10.6,1,0,6,1,0,1,0.52
ENG-00259,STU-00932,Quiz,Mathematics,2024-05-17,58.3,0,0,3,0,0,1,0.87
ENG-00260,STU-00158,Video,Chemistry,2024-01-10,6.8,1,0,7,0,1,3,0.8
ENG-00261,STU-00144,Quiz,Chemistry,2023-12-07,23.0,0,0,0,1,0,5,0.98
ENG-00262,STU-00185,Practice Problem,Mathematics,2023-03-03,24.6,1,1,8,0,0,4,0.61
ENG-00263,STU-00796,Reading,Design Thinking,2023-04-21,22.4,0,0,1,1,0,3,0.93
ENG-00264,STU-00350,Practice Problem,Python Programming,2023-10-11,54.0,0,0,5,1,0,4,0.33
ENG-00265,STU-00908,Video,Finance,2023-07-04,27.3,0,0,7,0,0,2,0.11
ENG-00266,STU-00773,Live Session,English Grammar,2023-08-09,25.3,1,0,2,0,1,3,0.25
ENG-00267,STU-00772,Video,Data Science,2023-03-26,23.2,1,0,1,1,0,1,0.74
ENG-00268,STU-00482,Live Session,Python Programming,2024-03-16,33.6,1,0,0,1,0,1,0.33
ENG-00269,STU-00429,Reading,Physics,2024-05-28,35.6,1,1,3,0,0,4,0.59
ENG-00270,STU-00312,Video,Chemistry,2024-07-09,10.0,1,0,0,0,0,4,0.11
ENG-00271,STU-00080,Reading,Chemistry,2023-04-30,35.4,0,0,5,1,0,2,0.34
ENG-00272,STU-00029,Quiz,Data Science,2023-01-26,25.5,1,0,3,0,0,2,0.39
ENG-00273,STU-00174,Practice Problem,Python Programming,2024-04-22,21.3,1,0,3,0,1,3,0.78
ENG-00274,STU-00362,Video,Finance,2023-10-24,24.7,1,1,1,0,0,2,0.6
ENG-00275,STU-00325,Reading,Web Development,2023-02-26,56.6,0,1,2,0,0,2,0.78
ENG-00276,STU-00905,Quiz,Data Science,2024-07-30,22.9,0,0,7,1,0,4,0.91
ENG-00277,STU-00671,Video,Finance,2024-06-07,27.2,1,1,5,0,1,1,0.72
ENG-00278,STU-00825,Reading,Data Science,2024-10-05,32.3,1,0,1,0,1,1,0.56
ENG-00279,STU-00808,Reading,Chemistry,2024-01-30,18.6,1,0,7,0,1,4,0.2
ENG-00280,STU-00849,Video,Design Thinking,2024-01-29,57.7,0,0,8,0,0,3,0.49
ENG-00281,STU-00340,Assignment,Data Science,2023-12-21,49.8,0,0,3,1,0,3,0.82
ENG-00282,STU-00564,Practice Problem,Python Programming,2024-12-01,6.0,1,0,8,0,0,4,0.2
ENG-00283,STU-00388,Reading,English Grammar,2024-05-05,46.8,1,0,5,0,0,3,0.77
ENG-00284,STU-00643,Assignment,Physics,2024-10-07,3.5,1,0,8,0,0,5,0.11
ENG-00285,STU-00516,Practice Problem,Web Development,2024-06-05,26.7,1,0,4,0,1,4,0.51
ENG-00286,STU-00611,Reading,Chemistry,2023-02-04,55.7,1,0,8,1,1,3,0.39
ENG-00287,STU-00388,Quiz,Chemistry,2023-06-27,55.4,1,0,6,0,0,2,0.88
ENG-00288,STU-00506,Reading,Physics,2023-04-11,44.2,1,0,8,0,1,1,0.22
ENG-00289,STU-00446,Video,Design Thinking,2023-10-01,52.3,1,0,3,1,0,4,0.61
ENG-00290,STU-00956,Live Session,Web Development,2023-08-07,38.8,0,0,6,0,1,2,0.21
ENG-00291,STU-00438,Reading,Design Thinking,2023-05-04,41.3,1,1,2,1,0,1,0.7
ENG-00292,STU-00639,Quiz,Chemistry,2023-05-01,18.4,1,0,0,1,0,3,0.26
ENG-00293,STU-00791,Practice Problem,English Grammar,2023-08-23,16.5,0,0,3,0,0,3,0.22
ENG-00294,STU-00708,Practice Problem,Data Science,2024-05-06,44.3,1,0,8,0,0,2,0.81
ENG-00295,STU-00532,Assignment,Physics,2023-08-23,59.6,0,0,2,1,0,4,0.9
ENG-00296,STU-00599,Assignment,Data Science,2023-11-03,11.9,1,0,6,0,0,3,0.83
ENG-00297,STU-00594,Video,English Grammar,2023-02-12,21.5,1,0,0,0,0,2,0.66
ENG-00298,STU-00127,Video,Data Science,2024-01-17,33.1,1,0,6,0,1,2,0.17
ENG-00299,STU-00498,Reading,Chemistry,2024-05-16,4.0,1,1,0,0,0,2,0.91
ENG-00300,STU-00350,Live Session,Finance,2023-07-24,22.2,1,0,4,1,0,5,0.53
ENG-00301,STU-00528,Live Session,Digital Marketing,2024-07-04,30.2,1,0,0,1,0,5,0.64
ENG-00302,STU-00143,Reading,Digital Marketing,2024-08-17,20.7,0,1,5,0,0,2,0.29
ENG-00303,STU-00844,Reading,English Grammar,2023-05-12,48.4,1,1,6,1,0,4,0.95
ENG-00304,STU-00063,Video,Web Development,2023-10-30,50.6,1,0,6,0,1,3,0.99
ENG-00305,STU-00896,Practice Problem,Web Development,2024-03-18,56.0,1,0,6,0,0,1,0.11
ENG-00306,STU-00878,Reading,Python Programming,2023-11-19,7.0,0,0,4,0,1,5,0.71
ENG-00307,STU-00650,Assignment,Data Science,2023-12-15,43.5,0,0,1,0,0,5,0.93
ENG-00308,STU-00955,Practice Problem,Physics,2024-05-08,51.5,1,0,7,0,0,1,0.83
ENG-00309,STU-00749,Reading,Physics,2024-12-09,13.9,0,1,7,0,1,3,0.32
ENG-00310,STU-00418,Assignment,Design Thinking,2023-01-20,33.9,1,0,0,1,1,1,0.28
ENG-00311,STU-00044,Quiz,English Grammar,2023-01-27,2.4,0,0,3,0,1,3,0.23
ENG-00312,STU-00092,Assignment,Mathematics,2023-09-28,55.2,1,1,2,1,0,5,0.17
ENG-00313,STU-00892,Video,Mathematics,2024-04-25,36.0,1,0,0,0,1,4,0.31
ENG-00314,STU-00233,Practice Problem,Web Development,2023-10-03,2.4,1,0,2,0,0,2,0.38
ENG-00315,STU-00695,Assignment,Python Programming,2024-11-15,17.0,0,0,7,1,0,2,0.26
ENG-00316,STU-00488,Reading,Data Science,2023-12-11,21.8,0,0,3,1,0,2,0.73
ENG-00317,STU-00064,Live Session,Digital Marketing,2024-06-04,20.4,1,0,2,1,0,1,0.14
ENG-00318,STU-00320,Video,Digital Marketing,2023-02-03,52.4,1,1,4,0,0,4,0.91
ENG-00319,STU-00564,Video,Design Thinking,2024-10-20,41.5,1,0,3,1,1,4,0.16
ENG-00320,STU-00224,Assignment,Web Development,2024-10-14,53.7,1,1,2,0,0,4,0.86
ENG-00321,STU-00630,Live Session,Data Science,2023-03-13,25.9,0,0,4,0,0,2,0.91
ENG-00322,STU-00177,Live Session,Finance,2024-05-19,10.3,1,1,7,0,1,5,0.91
ENG-00323,STU-00101,Video,Physics,2024-11-29,29.3,0,0,7,0,1,2,0.15
ENG-00324,STU-00848,Practice Problem,Web Development,2024-01-06,50.3,0,0,4,0,0,2,0.94
ENG-00325,STU-00095,Assignment,Mathematics,2023-01-03,33.3,1,0,4,0,0,2,0.39
ENG-00326,STU-00381,Video,Mathematics,2023-06-25,49.2,1,0,6,0,1,4,0.82
ENG-00327,STU-00008,Live Session,Physics,2023-07-04,39.4,1,0,7,1,0,4,0.36
ENG-00328,STU-00595,Assignment,English Grammar,2024-05-27,6.6,1,1,0,0,1,4,0.18
ENG-00329,STU-00426,Practice Problem,Python Programming,2024-10-06,21.0,1,0,8,1,0,5,0.12
ENG-00330,STU-00143,Assignment,Design Thinking,2024-08-16,26.8,1,0,2,0,1,1,0.24
ENG-00331,STU-00429,Quiz,Physics,2024-01-09,15.3,1,0,7,0,1,2,0.23
ENG-00332,STU-00646,Video,Finance,2024-12-18,30.5,1,0,7,1,0,5,0.28
ENG-00333,STU-00251,Quiz,English Grammar,2023-12-21,20.2,1,1,4,0,1,5,0.68
ENG-00334,STU-00857,Practice Problem,Finance,2023-04-01,8.2,0,0,8,0,0,5,0.74
ENG-00335,STU-00316,Video,Design Thinking,2024-11-14,6.0,1,0,1,0,1,5,0.58
ENG-00336,STU-00407,Assignment,Data Science,2023-11-22,7.8,1,0,7,0,1,1,0.56
ENG-00337,STU-00776,Reading,Python Programming,2024-05-20,36.9,0,1,5,1,0,4,0.77
ENG-00338,STU-00114,Quiz,English Grammar,2023-12-26,3.0,0,0,6,0,0,5,0.53
ENG-00339,STU-00217,Quiz,English Grammar,2023-07-10,35.0,1,0,5,0,1,3,0.63
ENG-00340,STU-00468,Quiz,Design Thinking,2023-05-29,26.5,1,0,0,0,0,2,0.6
ENG-00341,STU-00958,Practice Problem,Chemistry,2023-06-08,33.4,0,0,4,0,0,4,0.1
ENG-00342,STU-00251,Quiz,Design Thinking,2023-11-25,1.3,1,1,7,0,0,3,0.93
ENG-00343,STU-00992,Quiz,Web Development,2024-03-26,8.0,1,1,2,1,0,4,0.15
ENG-00344,STU-00313,Live Session,Web Development,2024-12-07,4.6,0,0,1,1,0,3,0.2
ENG-00345,STU-00079,Video,Design Thinking,2023-06-26,32.5,1,1,6,0,1,4,0.37
ENG-00346,STU-00314,Practice Problem,Digital Marketing,2023-09-16,27.2,1,1,7,0,0,5,0.23
ENG-00347,STU-00734,Quiz,English Grammar,2024-02-16,40.5,0,0,0,0,1,5,0.32
ENG-00348,STU-00546,Practice Problem,Design Thinking,2024-08-07,55.2,1,1,3,0,1,1,0.47
ENG-00349,STU-00424,Quiz,Mathematics,2023-12-09,44.0,0,0,0,0,1,2,0.52
ENG-00350,STU-00574,Reading,Data Science,2023-03-06,28.8,0,0,4,0,0,4,0.46
ENG-00351,STU-00270,Video,Web Development,2024-10-12,2.0,1,0,0,1,0,3,0.71
ENG-00352,STU-00835,Reading,Mathematics,2024-05-07,4.4,1,1,3,1,1,2,0.77
ENG-00353,STU-00728,Reading,Data Science,2023-05-17,47.2,1,0,0,0,0,5,0.15
ENG-00354,STU-00723,Video,Mathematics,2024-02-28,52.2,1,0,3,0,1,2,0.13
ENG-00355,STU-00631,Quiz,Data Science,2023-10-01,24.4,1,0,5,0,0,2,0.48
ENG-00356,STU-00056,Practice Problem,Finance,2024-08-24,25.7,0,1,1,1,0,3,0.28
ENG-00357,STU-00058,Video,Data Science,2023-11-25,44.5,1,1,5,0,0,3,0.69
ENG-00358,STU-00556,Quiz,Digital Marketing,2023-06-11,32.9,1,0,7,0,1,1,0.2
ENG-00359,STU-00150,Assignment,Chemistry,2024-06-23,41.8,1,0,4,0,1,5,0.5
ENG-00360,STU-00438,Live Session,Digital Marketing,2023-09-27,56.5,0,0,4,0,0,3,0.65
ENG-00361,STU-00218,Reading,Physics,2024-01-04,21.7,1,1,8,1,0,3,0.8
ENG-00362,STU-00597,Practice Problem,Design Thinking,2023-06-28,39.6,1,0,4,0,1,4,0.25
ENG-00363,STU-00555,Live Session,English Grammar,2023-03-15,22.2,1,0,7,0,0,5,0.5
ENG-00364,STU-00906,Reading,Mathematics,2023-02-24,58.3,1,0,6,0,1,4,0.96
ENG-00365,STU-00855,Reading,Web Development,2023-12-13,39.7,1,1,8,0,0,5,0.96
ENG-00366,STU-00752,Live Session,Mathematics,2023-07-27,8.6,1,1,6,0,1,5,0.47
ENG-00367,STU-00368,Live Session,Physics,2024-03-18,11.5,1,0,7,1,1,1,0.74
ENG-00368,STU-00130,Live Session,Chemistry,2023-12-27,45.7,0,0,0,1,0,3,0.69
ENG-00369,STU-00030,Quiz,English Grammar,2024-06-03,16.4,1,0,3,0,1,1,0.61
ENG-00370,STU-00787,Assignment,Mathematics,2024-01-25,55.2,1,1,1,0,1,5,0.54
ENG-00371,STU-00022,Practice Problem,Chemistry,2024-01-27,13.3,0,0,4,1,0,3,0.38
ENG-00372,STU-00374,Reading,Physics,2024-08-31,45.1,1,0,0,1,0,1,0.78
ENG-00373,STU-00265,Assignment,Chemistry,2023-06-29,5.7,1,0,4,0,0,1,0.71
ENG-00374,STU-00703,Quiz,Digital Marketing,2023-06-19,36.0,1,0,6,0,1,4,0.99
ENG-00375,STU-00152,Assignment,Physics,2024-09-30,55.3,1,0,7,0,0,1,0.3
ENG-00376,STU-00897,Live Session,Design Thinking,2023-09-06,58.7,0,0,0,1,0,4,0.34
ENG-00377,STU-00265,Video,Digital Marketing,2023-01-24,31.4,1,0,5,0,0,2,0.43
ENG-00378,STU-00634,Live Session,Design Thinking,2024-06-04,50.9,0,0,1,0,0,1,0.85
ENG-00379,STU-00752,Assignment,Python Programming,2024-07-06,44.3,0,0,2,0,0,2,0.75
ENG-00380,STU-00924,Assignment,Design Thinking,2023-05-14,42.7,1,1,3,0,0,4,0.89
ENG-00381,STU-00770,Practice Problem,English Grammar,2023-09-02,43.5,0,0,6,0,0,4,0.58
ENG-00382,STU-00154,Live Session,Python Programming,2023-03-22,7.9,0,0,7,0,0,2,0.69
ENG-00383,STU-00781,Video,Python Programming,2023-05-06,6.8,1,1,8,1,1,3,0.27
ENG-00384,STU-00552,Practice Problem,Python Programming,2024-05-19,29.5,0,0,1,1,1,1,0.38
ENG-00385,STU-00096,Assignment,Design Thinking,2024-10-27,54.0,0,0,7,0,0,4,0.15
ENG-00386,STU-00486,Video,Chemistry,2024-09-11,45.2,1,0,2,0,1,4,0.27
ENG-00387,STU-00706,Quiz,Python Programming,2024-08-01,54.6,1,0,0,1,1,2,0.33
ENG-00388,STU-00132,Practice Problem,English Grammar,2023-03-22,51.8,1,0,1,1,1,2,0.38
ENG-00389,STU-00195,Quiz,Data Science,2023-02-15,40.8,1,0,8,1,0,5,0.73
ENG-00390,STU-00527,Practice Problem,English Grammar,2024-04-24,23.7,1,0,1,0,0,2,0.31
ENG-00391,STU-00067,Reading,Web Development,2024-08-28,17.2,1,1,5,1,0,1,0.39
ENG-00392,STU-00301,Practice Problem,Python Programming,2024-02-11,58.6,1,0,7,0,1,4,0.38
ENG-00393,STU-00966,Practice Problem,Finance,2024-10-27,26.8,1,0,4,1,0,1,0.15
ENG-00394,STU-00273,Practice Problem,Web Development,2024-10-15,35.1,1,0,0,0,0,5,0.34
ENG-00395,STU-00640,Assignment,Data Science,2023-03-01,14.5,1,0,7,0,0,1,0.95
ENG-00396,STU-00429,Quiz,Design Thinking,2024-03-17,49.0,1,0,8,0,0,5,0.89
ENG-00397,STU-00870,Practice Problem,Physics,2024-05-24,20.8,0,0,4,0,0,2,0.53
ENG-00398,STU-00205,Reading,Design Thinking,2023-09-29,58.9,1,0,1,1,1,5,0.22
ENG-00399,STU-00299,Video,Design Thinking,2024-07-05,39.8,1,0,1,1,0,3,0.49
ENG-00400,STU-00175,Live Session,Design Thinking,2024-05-09,23.9,1,1,6,1,0,1,0.7
ENG-00401,STU-00154,Reading,English Grammar,2024-12-25,54.2,0,0,4,1,0,1,0.82
ENG-00402,STU-00833,Reading,Design Thinking,2024-03-20,51.4,0,1,1,0,0,2,0.17
ENG-00403,STU-00142,Reading,Finance,2023-01-01,4.9,1,0,3,1,0,3,0.84
ENG-00404,STU-00837,Video,Physics,2024-11-09,1.1,1,0,6,1,1,3,0.12
ENG-00405,STU-00629,Quiz,Python Programming,2023-12-26,40.2,1,0,2,0,0,1,0.2
ENG-00406,STU-00766,Quiz,Design Thinking,2023-01-21,29.6,1,0,5,1,0,4,0.4
ENG-00407,STU-00624,Practice Problem,Physics,2024-11-17,38.0,1,0,1,0,0,2,0.43
ENG-00408,STU-00902,Reading,Python Programming,2023-03-24,44.7,1,1,0,0,0,1,0.14
ENG-00409,STU-00080,Reading,Python Programming,2023-04-30,15.1,1,1,8,0,1,2,0.75
ENG-00410,STU-00448,Quiz,Data Science,2024-06-15,52.0,0,0,5,1,1,1,0.64
ENG-00411,STU-00274,Assignment,Mathematics,2023-08-01,35.5,1,1,7,1,1,5,0.78
ENG-00412,STU-00028,Practice Problem,Mathematics,2024-02-11,36.2,0,0,7,1,1,2,0.92
ENG-00413,STU-00468,Assignment,Mathematics,2023-09-27,12.7,1,1,0,0,1,1,0.44
ENG-00414,STU-00109,Live Session,Design Thinking,2023-06-22,1.1,1,1,2,0,0,4,0.61
ENG-00415,STU-00264,Live Session,Chemistry,2023-08-03,13.0,1,0,6,0,0,5,0.97
ENG-00416,STU-00355,Video,Chemistry,2023-07-27,18.1,0,1,4,0,0,5,0.11
ENG-00417,STU-00999,Reading,Data Science,2024-07-21,7.7,1,0,7,0,0,1,0.82
ENG-00418,STU-00370,Practice Problem,English Grammar,2023-04-22,51.0,1,0,4,0,0,5,0.63
ENG-00419,STU-00626,Assignment,Mathematics,2023-10-26,14.4,1,0,7,1,1,1,0.8
ENG-00420,STU-00142,Practice Problem,Chemistry,2023-10-12,53.8,0,0,1,0,1,3,0.67
ENG-00421,STU-00457,Reading,Digital Marketing,2023-04-01,56.5,0,1,0,1,0,1,0.59
ENG-00422,STU-00650,Assignment,Design Thinking,2024-01-25,41.6,0,0,3,0,1,1,0.98
ENG-00423,STU-00432,Live Session,Physics,2024-05-24,32.0,0,1,5,0,0,5,0.12
ENG-00424,STU-00648,Video,Physics,2023-04-17,8.9,1,1,3,0,0,4,0.69
ENG-00425,STU-00638,Video,Digital Marketing,2024-09-12,41.8,0,1,3,1,0,5,0.28
ENG-00426,STU-00632,Practice Problem,Web Development,2024-08-25,40.9,0,0,3,1,1,3,0.45
ENG-00427,STU-00720,Quiz,Mathematics,2023-06-29,20.6,1,0,5,0,0,1,0.15
ENG-00428,STU-00860,Video,Python Programming,2024-03-01,8.2,0,0,7,0,0,1,0.45
ENG-00429,STU-00788,Reading,Python Programming,2023-03-29,54.8,1,0,4,0,0,4,0.13
ENG-00430,STU-00953,Live Session,Design Thinking,2024-12-08,3.2,1,1,8,0,0,1,0.43
ENG-00431,STU-00512,Reading,Digital Marketing,2024-10-08,5.4,0,1,8,0,0,3,0.18
ENG-00432,STU-00601,Practice Problem,Design Thinking,2024-05-08,7.4,0,0,1,1,0,5,0.5
ENG-00433,STU-00449,Reading,Web Development,2024-04-13,54.0,1,1,1,1,0,4,0.34
ENG-00434,STU-00927,Reading,Digital Marketing,2024-09-09,55.4,1,0,5,0,0,4,0.62
ENG-00435,STU-00987,Live Session,English Grammar,2023-03-12,37.7,0,1,5,0,0,1,0.44
ENG-00436,STU-00259,Quiz,Mathematics,2024-07-15,44.1,0,0,4,0,0,4,0.61
ENG-00437,STU-00629,Video,Mathematics,2023-08-02,17.2,0,0,1,0,1,1,0.97
ENG-00438,STU-00053,Quiz,Web Development,2024-01-11,52.6,1,0,2,0,0,1,0.92
ENG-00439,STU-00894,Assignment,Digital Marketing,2024-10-22,29.4,1,1,4,1,0,4,0.66
ENG-00440,STU-00163,Quiz,Mathematics,2023-11-06,28.0,1,0,0,0,1,2,0.92
ENG-00441,STU-00176,Practice Problem,Digital Marketing,2024-07-01,37.0,1,0,6,0,1,4,0.4
ENG-00442,STU-00826,Quiz,English Grammar,2023-10-23,35.8,1,1,5,0,1,1,0.19
ENG-00443,STU-00550,Practice Problem,Design Thinking,2024-05-21,57.0,1,0,4,0,0,3,0.32
ENG-00444,STU-00787,Assignment,Finance,2023-04-04,44.2,1,0,6,0,0,2,0.62
ENG-00445,STU-00515,Video,Data Science,2023-06-14,52.0,0,0,0,1,0,1,0.34
ENG-00446,STU-00581,Reading,Finance,2023-03-10,58.3,0,0,6,1,0,1,0.45
ENG-00447,STU-00103,Assignment,Digital Marketing,2024-05-06,15.2,1,0,1,1,0,2,0.98
ENG-00448,STU-00488,Reading,English Grammar,2023-02-08,34.2,1,0,7,1,1,2,0.22
ENG-00449,STU-00622,Reading,Python Programming,2023-04-11,29.5,1,0,8,1,1,3,0.65
ENG-00450,STU-00920,Assignment,Chemistry,2023-02-12,51.2,1,0,2,0,1,2,0.19
ENG-00451,STU-00728,Reading,Mathematics,2023-04-03,16.6,1,1,5,0,0,4,0.25
ENG-00452,STU-00311,Quiz,Python Programming,2023-01-07,1.5,1,1,0,1,0,1,0.98
ENG-00453,STU-00175,Video,Mathematics,2023-08-05,14.7,1,0,1,0,0,1,0.85
ENG-00454,STU-00057,Video,Python Programming,2024-05-13,6.3,0,0,5,0,0,5,0.43
ENG-00455,STU-00253,Reading,Python Programming,2023-10-06,14.6,0,1,4,1,1,1,0.53
ENG-00456,STU-00954,Reading,Digital Marketing,2024-11-30,1.6,1,1,4,0,0,5,0.65
ENG-00457,STU-00845,Practice Problem,Data Science,2024-01-24,48.7,1,0,4,0,0,1,0.41
ENG-00458,STU-00010,Live Session,Finance,2023-07-26,47.0,1,0,6,0,0,2,0.58
ENG-00459,STU-00973,Reading,Design Thinking,2024-05-20,24.8,1,0,6,0,1,2,0.49
ENG-00460,STU-00599,Quiz,Mathematics,2024-01-03,6.0,0,0,7,1,0,4,0.97
ENG-00461,STU-00297,Live Session,Python Programming,2023-10-23,54.7,1,0,5,0,1,2,0.74
ENG-00462,STU-00969,Quiz,Data Science,2024-06-10,20.8,1,0,8,1,0,4,0.77
ENG-00463,STU-00206,Assignment,English Grammar,2024-02-11,11.3,1,1,8,1,0,5,0.92
ENG-00464,STU-00227,Video,Finance,2023-05-20,1.0,0,1,7,0,0,5,0.55
ENG-00465,STU-00494,Practice Problem,Chemistry,2024-08-26,23.4,0,0,1,0,0,5,0.88
ENG-00466,STU-00265,Live Session,Python Programming,2024-11-05,54.1,1,0,0,1,1,3,0.53
ENG-00467,STU-00301,Quiz,Web Development,2024-01-03,22.5,1,1,8,0,0,4,0.2
ENG-00468,STU-00406,Assignment,Design Thinking,2024-09-08,15.8,1,1,4,0,0,5,0.8
ENG-00469,STU-00016,Quiz,Digital Marketing,2024-08-30,11.0,1,0,5,0,0,3,0.8
ENG-00470,STU-00881,Practice Problem,Web Development,2024-02-02,6.7,1,0,4,0,0,3,0.55
ENG-00471,STU-00131,Practice Problem,Mathematics,2023-08-20,37.4,1,0,2,0,0,5,0.74
ENG-00472,STU-00154,Video,Finance,2023-10-06,27.3,1,1,4,1,0,1,0.18
ENG-00473,STU-00134,Video,Mathematics,2024-12-09,10.1,1,0,0,0,1,3,0.54
ENG-00474,STU-00281,Reading,Web Development,2023-11-07,56.2,1,0,5,0,0,5,0.74
ENG-00475,STU-00634,Assignment,Web Development,2023-08-15,29.0,0,0,4,1,0,1,0.18
ENG-00476,STU-00477,Video,Mathematics,2024-01-28,1.6,0,0,3,0,0,4,0.93
ENG-00477,STU-00561,Reading,Finance,2024-01-19,51.3,1,0,0,1,0,4,0.93
ENG-00478,STU-00892,Video,Python Programming,2023-03-31,24.9,0,0,5,1,0,4,0.41
ENG-00479,STU-00903,Practice Problem,Chemistry,2023-11-12,22.2,0,0,2,0,0,4,0.93
ENG-00480,STU-00943,Quiz,Data Science,2024-02-07,30.8,1,0,7,1,1,5,0.54
ENG-00481,STU-00492,Video,Physics,2023-01-26,2.3,1,0,5,0,0,2,0.32
ENG-00482,STU-00581,Practice Problem,Chemistry,2024-10-08,40.8,1,0,8,0,0,2,0.51
ENG-00483,STU-00338,Live Session,Data Science,2023-03-23,4.8,1,0,6,0,0,1,0.49
ENG-00484,STU-00284,Video,Data Science,2024-02-17,28.3,1,0,0,1,0,1,0.16
ENG-00485,STU-00203,Video,English Grammar,2023-10-04,46.4,1,1,2,1,1,1,0.7
ENG-00486,STU-00445,Video,Chemistry,2024-10-08,4.8,1,1,3,0,1,4,0.36
ENG-00487,STU-00029,Assignment,Finance,2024-04-23,21.4,1,0,8,1,0,4,0.17
ENG-00488,STU-00341,Live Session,Data Science,2024-06-03,5.0,1,1,4,1,1,2,0.8
ENG-00489,STU-00750,Video,Web Development,2023-01-02,4.5,1,0,2,0,1,5,0.6
ENG-00490,STU-00162,Assignment,Finance,2024-04-05,3.3,0,0,2,1,0,2,0.56
ENG-00491,STU-00768,Reading,Web Development,2024-06-09,47.8,1,1,6,0,0,3,0.14
ENG-00492,STU-00307,Quiz,Physics,2024-10-24,57.4,0,0,3,0,0,4,0.45
ENG-00493,STU-00531,Practice Problem,Design Thinking,2024-06-19,33.5,0,0,8,1,1,4,0.98
ENG-00494,STU-00990,Assignment,Python Programming,2023-10-22,1.1,1,1,1,0,0,1,0.14
ENG-00495,STU-00681,Video,Physics,2024-11-08,40.0,1,0,7,0,1,1,0.33
ENG-00496,STU-00369,Live Session,Chemistry,2024-05-02,11.6,1,0,2,0,1,4,0.48
ENG-00497,STU-00658,Video,Design Thinking,2023-07-25,40.5,1,1,7,1,0,2,0.86
ENG-00498,STU-00377,Live Session,English Grammar,2023-12-31,40.5,1,0,1,1,0,3,0.97
ENG-00499,STU-00123,Assignment,Data Science,2024-09-13,16.7,0,0,2,0,0,4,0.21
ENG-00500,STU-00260,Practice Problem,Chemistry,2024-03-09,23.6,1,0,2,1,0,2,0.56
ENG-00501,STU-00400,Quiz,Mathematics,2024-05-23,3.1,1,0,0,0,0,2,0.12
ENG-00502,STU-00770,Video,Web Development,2023-01-31,53.7,1,0,2,1,0,1,0.19
ENG-00503,STU-00268,Live Session,Chemistry,2023-02-28,34.6,1,0,3,0,0,2,0.9
ENG-00504,STU-00835,Reading,Physics,2023-07-20,13.8,0,0,7,1,0,4,0.6
ENG-00505,STU-00048,Video,Mathematics,2024-11-08,53.4,1,1,5,0,1,2,0.3
ENG-00506,STU-00050,Live Session,Web Development,2023-05-14,15.9,1,0,6,0,1,3,0.92
ENG-00507,STU-00557,Live Session,Mathematics,2024-09-07,29.4,1,0,1,1,1,4,0.72
ENG-00508,STU-00420,Reading,Chemistry,2023-03-04,52.9,1,1,4,0,1,2,0.68
ENG-00509,STU-00245,Reading,Mathematics,2024-03-06,57.5,0,1,8,0,0,2,0.81
ENG-00510,STU-00342,Reading,Physics,2024-09-09,19.5,0,0,5,0,0,2,0.23
ENG-00511,STU-00940,Live Session,Design Thinking,2023-01-14,8.7,1,0,8,0,0,3,0.36
ENG-00512,STU-00455,Practice Problem,Data Science,2023-10-15,47.6,1,0,1,0,0,3,0.91
ENG-00513,STU-00380,Live Session,Chemistry,2023-04-30,54.5,1,0,6,1,0,4,0.77
ENG-00514,STU-00249,Assignment,Python Programming,2023-03-02,26.9,1,1,8,1,1,2,0.22
ENG-00515,STU-00348,Assignment,Finance,2023-12-27,33.6,1,0,4,0,0,1,0.8
ENG-00516,STU-00116,Practice Problem,Design Thinking,2023-04-15,16.1,0,0,7,1,1,3,0.78
ENG-00517,STU-00178,Live Session,Finance,2023-10-24,7.0,0,1,3,0,0,4,0.95
ENG-00518,STU-00292,Practice Problem,Web Development,2023-05-20,43.5,1,0,4,0,0,5,0.77
ENG-00519,STU-00316,Video,Finance,2024-11-22,23.5,1,0,7,0,0,5,0.89
ENG-00520,STU-00045,Quiz,Physics,2024-01-21,30.7,1,0,8,1,0,5,0.36
ENG-00521,STU-00447,Assignment,Web Development,2024-10-13,19.2,1,1,5,0,0,4,0.92
ENG-00522,STU-00902,Live Session,English Grammar,2024-02-20,47.1,1,1,5,0,0,2,0.81
ENG-00523,STU-00456,Reading,Python Programming,2023-02-10,47.7,1,0,5,0,0,3,0.18
ENG-00524,STU-00836,Quiz,Physics,2023-08-08,48.3,1,0,0,0,0,3,0.51
ENG-00525,STU-00246,Video,Python Programming,2024-12-31,34.8,0,1,2,1,1,4,0.75
ENG-00526,STU-00565,Reading,English Grammar,2024-05-27,19.3,0,0,7,1,0,5,0.57
ENG-00527,STU-00089,Reading,Python Programming,2023-09-03,34.9,1,0,6,1,0,5,0.88
ENG-00528,STU-00025,Quiz,Finance,2023-07-15,42.1,1,0,0,0,0,4,0.89
ENG-00529,STU-00903,Reading,Physics,2024-04-18,57.4,1,1,3,0,0,3,0.52
ENG-00530,STU-00279,Assignment,Chemistry,2023-10-28,29.6,1,0,2,0,0,4,0.2
ENG-00531,STU-00715,Quiz,Python Programming,2024-11-13,48.9,0,1,0,0,0,1,0.29
ENG-00532,STU-00313,Live Session,Python Programming,2024-02-19,17.4,1,0,3,0,0,2,0.46
ENG-00533,STU-00082,Live Session,Python Programming,2024-11-05,22.3,1,0,0,0,0,2,1.0
ENG-00534,STU-00409,Video,Mathematics,2024-09-05,28.2,1,0,3,0,0,4,0.16
ENG-00535,STU-00731,Assignment,English Grammar,2024-09-09,50.3,1,0,6,0,1,5,0.91
ENG-00536,STU-00110,Video,Finance,2024-01-23,35.0,1,0,0,0,0,2,0.4
ENG-00537,STU-00892,Video,Web Development,2024-11-14,48.8,1,0,7,0,1,2,0.51
ENG-00538,STU-00296,Live Session,Mathematics,2024-03-02,43.7,1,0,6,0,0,5,0.82
ENG-00539,STU-00331,Practice Problem,Finance,2023-03-21,47.5,1,0,6,0,0,3,0.85
ENG-00540,STU-00096,Video,Data Science,2024-12-14,2.2,1,0,2,0,1,2,0.41
ENG-00541,STU-00997,Video,Digital Marketing,2023-04-11,5.8,1,1,2,1,1,3,0.81
ENG-00542,STU-00539,Quiz,Design Thinking,2023-05-22,27.7,1,0,2,1,0,1,0.23
ENG-00543,STU-00099,Quiz,Digital Marketing,2024-03-16,10.1,1,0,2,0,0,3,0.87
ENG-00544,STU-00786,Live Session,Web Development,2024-05-31,21.0,1,1,2,0,0,3,0.87
ENG-00545,STU-00063,Reading,Chemistry,2024-06-25,15.6,1,1,5,0,0,1,0.66
ENG-00546,STU-00885,Quiz,Data Science,2023-07-20,7.7,0,0,5,1,1,1,0.62
ENG-00547,STU-00768,Live Session,Physics,2023-10-07,53.4,0,1,3,0,0,3,0.67
ENG-00548,STU-00754,Video,Data Science,2023-06-03,19.8,1,0,5,0,0,4,0.4
ENG-00549,STU-00562,Reading,Physics,2023-11-20,26.7,1,0,5,1,1,1,0.49
ENG-00550,STU-00108,Reading,Web Development,2023-10-14,57.0,1,0,8,0,0,5,0.51
ENG-00551,STU-00568,Video,Physics,2024-08-10,27.5,1,0,5,0,1,2,0.15
ENG-00552,STU-00679,Practice Problem,Data Science,2023-05-09,22.1,1,0,8,0,0,3,0.97
ENG-00553,STU-00094,Practice Problem,Finance,2024-10-17,29.8,1,0,0,0,1,1,0.74
ENG-00554,STU-00367,Reading,Data Science,2023-07-20,45.0,1,1,3,0,0,4,0.95
ENG-00555,STU-00554,Reading,English Grammar,2024-10-19,9.9,0,1,4,0,0,5,0.67
ENG-00556,STU-00809,Live Session,Chemistry,2023-04-21,20.5,0,0,2,0,1,2,0.49
ENG-00557,STU-00811,Practice Problem,Chemistry,2023-07-28,2.9,0,0,6,0,0,5,0.59
ENG-00558,STU-00315,Video,Physics,2023-03-14,59.4,0,0,8,1,1,4,0.73
ENG-00559,STU-00992,Reading,Digital Marketing,2023-04-29,36.0,0,0,1,0,0,3,0.97
ENG-00560,STU-00661,Quiz,Data Science,2024-02-02,19.9,1,1,2,0,0,3,0.48
ENG-00561,STU-00906,Live Session,Finance,2023-03-04,15.6,1,1,2,0,0,1,0.24
ENG-00562,STU-00522,Practice Problem,Physics,2024-04-29,17.4,0,1,8,1,0,3,0.32
ENG-00563,STU-00558,Reading,Data Science,2024-07-16,3.7,1,0,8,0,0,4,0.7
ENG-00564,STU-00882,Video,Digital Marketing,2023-08-25,57.0,1,0,2,0,0,4,0.38
ENG-00565,STU-00829,Live Session,Chemistry,2023-04-02,56.0,1,1,3,1,1,1,0.49
ENG-00566,STU-00413,Quiz,English Grammar,2024-10-29,15.8,1,0,6,0,0,4,0.29
ENG-00567,STU-00024,Practice Problem,Data Science,2024-05-31,13.8,0,0,6,1,0,1,0.79
ENG-00568,STU-00273,Reading,Data Science,2024-11-08,23.2,1,0,6,1,0,4,0.57
ENG-00569,STU-00666,Reading,Web Development,2024-12-25,17.1,0,0,8,0,1,4,0.19
ENG-00570,STU-00122,Reading,Design Thinking,2024-05-26,4.5,0,0,4,0,0,3,0.51
ENG-00571,STU-00018,Video,English Grammar,2023-04-01,13.7,1,1,4,0,0,3,0.12
ENG-00572,STU-00694,Quiz,Digital Marketing,2023-02-25,19.7,1,0,3,1,1,1,0.17
ENG-00573,STU-00682,Assignment,Web Development,2024-11-06,34.5,1,0,1,0,0,3,0.38
ENG-00574,STU-00883,Live Session,Python Programming,2023-12-09,39.6,1,1,6,0,1,1,0.24
ENG-00575,STU-00839,Live Session,Data Science,2023-01-28,59.3,0,1,2,0,1,2,0.38
ENG-00576,STU-00111,Quiz,Mathematics,2024-05-22,15.6,1,0,3,0,0,5,0.6
ENG-00577,STU-00409,Assignment,Design Thinking,2023-12-31,39.5,0,0,2,0,0,2,0.6
ENG-00578,STU-00038,Video,Chemistry,2023-02-07,51.2,1,0,8,1,1,3,0.66
ENG-00579,STU-00849,Quiz,Data Science,2023-03-24,6.7,1,0,5,0,0,3,0.46
ENG-00580,STU-00141,Reading,Python Programming,2023-08-17,46.4,1,0,4,0,0,1,0.28
ENG-00581,STU-00731,Reading,Physics,2023-05-16,47.6,0,0,3,1,0,3,0.55
ENG-00582,STU-00288,Video,Data Science,2023-06-09,9.8,1,1,2,0,0,2,0.42
ENG-00583,STU-00706,Assignment,Finance,2024-12-09,6.9,0,0,4,0,0,4,0.85
ENG-00584,STU-00094,Quiz,Design Thinking,2023-03-31,8.5,1,0,8,0,1,1,0.43
ENG-00585,STU-00064,Quiz,Finance,2023-01-11,35.9,1,0,5,0,1,3,0.57
ENG-00586,STU-00233,Quiz,Digital Marketing,2024-02-10,57.0,0,0,0,0,0,5,0.85
ENG-00587,STU-00862,Practice Problem,Chemistry,2023-03-09,43.8,1,0,5,0,0,1,0.17
ENG-00588,STU-00854,Video,Finance,2024-09-23,34.5,1,0,2,1,0,1,1.0
ENG-00589,STU-00264,Assignment,Data Science,2023-02-02,59.0,1,0,0,0,0,2,0.6
ENG-00590,STU-00874,Live Session,Data Science,2023-05-03,59.6,1,0,6,0,0,1,0.18
ENG-00591,STU-00061,Practice Problem,Mathematics,2024-12-16,20.5,0,0,2,0,0,2,0.71
ENG-00592,STU-00165,Assignment,English Grammar,2024-03-14,58.6,0,1,8,0,0,1,0.41
ENG-00593,STU-00623,Practice Problem,Chemistry,2024-08-30,40.6,0,1,1,1,0,4,0.34
ENG-00594,STU-00622,Practice Problem,Digital Marketing,2023-05-21,28.6,1,1,2,1,0,2,0.29
ENG-00595,STU-00920,Assignment,Web Development,2024-03-29,55.9,1,0,3,0,0,2,0.44
ENG-00596,STU-00295,Assignment,Mathematics,2023-12-28,8.5,0,0,4,1,1,2,0.86
ENG-00597,STU-00884,Live Session,Physics,2023-01-28,26.8,0,1,7,0,1,2,0.34
ENG-00598,STU-00528,Assignment,Web Development,2023-08-16,26.1,0,0,5,1,0,3,0.16
ENG-00599,STU-00787,Assignment,Physics,2023-12-20,44.2,1,0,0,0,0,1,0.69
ENG-00600,STU-00423,Quiz,Finance,2024-05-21,59.4,1,0,1,0,0,2,0.17
